region,latitude,longitude,rainfall,sst,wind_speed,pressure,data_period
Andhra Pradesh,13.0,79.0,0.26405558,,3.0647168159484863,1012.1956787109375,"{'rainfall': '2025-09', 'wind_speed': '2026-02', 'pressure': '2026-02'}"
Andhra Pradesh,13.0,79.5,0.23762502,,2.780597448348999,1012.6326293945312,"{'rainfall': '2025-09', 'wind_speed': '2026-02', 'pressure': '2026-02'}"
Andhra Pradesh,13.0,80.0,0.23494445,,3.4109041690826416,1012.8046264648438,"{'rainfall': '2025-09', 'wind_speed': '2026-02', 'pressure': '2026-02'}"
Andhra Pradesh,13.0,80.5,0.287375,,4.403415203094482,1012.845947265625,"{'rainfall': '2025-09', 'wind_speed': '2026-02', 'pressure': '2026-02'}"
Andhra Pradesh,13.0,81.0,0.3672778,,4.829805850982666,1012.8253784179688,"{'rainfall': '2025-09', 'wind_speed': '2026-02', 'pressure': '2026-02'}"
Andhra Pradesh,13.0,81.5,0.39620838,,,,{'rainfall': '2025-09'}
Andhra Pradesh,13.0,82.0,0.4591111,,5.147040843963623,1012.8035888671875,"{'rainfall': '2025-09', 'wind_speed': '2026-02', 'pressure': '2026-02'}"
Andhra Pradesh,13.5,79.0,0.22570835,,2.898764133453369,1012.3037719726562,"{'rainfall': '2025-09', 'wind_speed': '2026-02', 'pressure': '2026-02'}"
Andhra Pradesh,13.5,79.5,0.19806251,,2.4131579399108887,1012.7390747070312,"{'rainfall': '2025-09', 'wind_speed': '2026-02', 'pressure': '2026-02'}"
Andhra Pradesh,13.5,80.0,0.20125002,,2.962580919265747,1012.9942016601562,"{'rainfall': '2025-09', 'wind_speed': '2026-02', 'pressure': '2026-02'}"
Andhra Pradesh,13.5,80.5,0.20293751,,4.0132832527160645,1013.012451171875,"{'rainfall': '2025-09', 'wind_speed': '2026-02', 'pressure': '2026-02'}"
Andhra Pradesh,13.5,81.0,0.27070835,,4.467515468597412,1013.0037231445312,"{'rainfall': '2025-09', 'wind_speed': '2026-02', 'pressure': '2026-02'}"
Andhra Pradesh,13.5,81.5,0.3546875,,,,{'rainfall': '2025-09'}
Andhra Pradesh,13.5,82.0,0.45420837,,4.817858695983887,1012.9888916015625,"{'rainfall': '2025-09', 'wind_speed': '2026-02', 'pressure': '2026-02'}"
Andhra Pradesh,14.0,79.0,0.21205556,,2.7909469604492188,1012.5172119140625,"{'rainfall': '2025-09', 'wind_speed': '2026-02', 'pressure': '2026-02'}"
Andhra Pradesh,14.0,79.5,0.18404168,,2.1326181888580322,1012.9397583007812,"{'rainfall': '2025-09', 'wind_speed': '2026-02', 'pressure': '2026-02'}"
Andhra Pradesh,14.0,80.0,0.17358334,,2.6183547973632812,1013.072265625,"{'rainfall': '2025-09', 'wind_speed': '2026-02', 'pressure': '2026-02'}"
Andhra Pradesh,14.0,80.5,0.16404168,,3.6512610912323,1013.11669921875,"{'rainfall': '2025-09', 'wind_speed': '2026-02', 'pressure': '2026-02'}"
Andhra Pradesh,14.0,81.0,0.2840556,,4.1299848556518555,1013.100341796875,"{'rainfall': '2025-09', 'wind_speed': '2026-02', 'pressure': '2026-02'}"
Andhra Pradesh,14.0,81.5,0.41508338,,,,{'rainfall': '2025-09'}
Andhra Pradesh,14.0,82.0,0.51955557,28.682933807373047,4.496466159820557,1013.0745849609375,"{'rainfall': '2025-09', 'sst': '2026-03', 'wind_speed': '2026-02', 'pressure': '2026-02'}"
Andhra Pradesh,14.5,79.0,0.22537501,,2.858910083770752,1012.56396484375,"{'rainfall': '2025-09', 'wind_speed': '2026-02', 'pressure': '2026-02'}"
Andhra Pradesh,14.5,79.5,0.19100001,,2.194749355316162,1012.94384765625,"{'rainfall': '2025-09', 'wind_speed': '2026-02', 'pressure': '2026-02'}"
Andhra Pradesh,14.5,80.0,0.16116668,,2.566413164138794,1013.1802368164062,"{'rainfall': '2025-09', 'wind_speed': '2026-02', 'pressure': '2026-02'}"
Andhra Pradesh,14.5,80.5,0.11706251,,3.428123712539673,1013.2254638671875,"{'rainfall': '2025-09', 'wind_speed': '2026-02', 'pressure': '2026-02'}"
Andhra Pradesh,14.5,81.0,0.22079168,,3.836989402770996,1013.26171875,"{'rainfall': '2025-09', 'wind_speed': '2026-02', 'pressure': '2026-02'}"
Andhra Pradesh,14.5,81.5,0.37775,,,,{'rainfall': '2025-09'}
Andhra Pradesh,14.5,82.0,0.39737502,,4.150249004364014,1013.2679443359375,"{'rainfall': '2025-09', 'wind_speed': '2026-02', 'pressure': '2026-02'}"
Andhra Pradesh,15.0,79.0,0.24380557,,3.0055575370788574,1012.629638671875,"{'rainfall': '2025-09', 'wind_speed': '2026-02', 'pressure': '2026-02'}"
Andhra Pradesh,15.0,79.5,0.20804167,,2.3775312900543213,1013.0156860351562,"{'rainfall': '2025-09', 'wind_speed': '2026-02', 'pressure': '2026-02'}"
Andhra Pradesh,15.0,80.0,0.16808334,,2.7683980464935303,1013.177978515625,"{'rainfall': '2025-09', 'wind_speed': '2026-02', 'pressure': '2026-02'}"
Andhra Pradesh,15.0,80.5,0.12604167,,3.406203269958496,1013.2799072265625,"{'rainfall': '2025-09', 'wind_speed': '2026-02', 'pressure': '2026-02'}"
Andhra Pradesh,15.0,81.0,0.24055558,,3.62007474899292,1013.3004760742188,"{'rainfall': '2025-09', 'wind_speed': '2026-02', 'pressure': '2026-02'}"
Andhra Pradesh,15.0,81.5,0.24970834,,,,{'rainfall': '2025-09'}
Andhra Pradesh,15.0,82.0,0.27880558,,3.8690037727355957,1013.2960815429688,"{'rainfall': '2025-09', 'wind_speed': '2026-02', 'pressure': '2026-02'}"
Andhra Pradesh,15.5,79.0,0.28058335,,2.8890647888183594,1012.5714111328125,"{'rainfall': '2025-09', 'wind_speed': '2026-02', 'pressure': '2026-02'}"
Andhra Pradesh,15.5,79.5,0.23887502,,2.334824323654175,1012.8959350585938,"{'rainfall': '2025-09', 'wind_speed': '2026-02', 'pressure': '2026-02'}"
Andhra Pradesh,15.5,80.0,0.21895833,,2.7943193912506104,1013.1246948242188,"{'rainfall': '2025-09', 'wind_speed': '2026-02', 'pressure': '2026-02'}"
Andhra Pradesh,15.5,80.5,0.13387501,,3.3864006996154785,1013.289794921875,"{'rainfall': '2025-09', 'wind_speed': '2026-02', 'pressure': '2026-02'}"
Andhra Pradesh,15.5,81.0,0.21458334,,3.5209200382232666,1013.3845825195312,"{'rainfall': '2025-09', 'wind_speed': '2026-02', 'pressure': '2026-02'}"
Andhra Pradesh,15.5,81.5,0.28343752,,,,{'rainfall': '2025-09'}
Andhra Pradesh,15.5,82.0,0.20970835,,3.658398151397705,1013.4636840820312,"{'rainfall': '2025-09', 'wind_speed': '2026-02', 'pressure': '2026-02'}"
Andhra Pradesh,16.0,79.0,0.29516667,,2.6273374557495117,1012.76318359375,"{'rainfall': '2025-09', 'wind_speed': '2026-02', 'pressure': '2026-02'}"
Andhra Pradesh,16.0,79.5,0.27150002,,2.1104037761688232,1012.9244384765625,"{'rainfall': '2025-09', 'wind_speed': '2026-02', 'pressure': '2026-02'}"
Andhra Pradesh,16.0,80.0,0.2578611,,2.278303384780884,1012.98046875,"{'rainfall': '2025-09', 'wind_speed': '2026-02', 'pressure': '2026-02'}"
Andhra Pradesh,16.0,80.5,0.24545835,,2.686892509460449,1013.138916015625,"{'rainfall': '2025-09', 'wind_speed': '2026-02', 'pressure': '2026-02'}"
Andhra Pradesh,16.0,81.0,0.23005557,,3.3281288146972656,1013.3434448242188,"{'rainfall': '2025-09', 'wind_speed': '2026-02', 'pressure': '2026-02'}"
Andhra Pradesh,16.0,81.5,0.17708333,,,,{'rainfall': '2025-09'}
Andhra Pradesh,16.0,82.0,0.17702778,28.573074340820312,3.4518096446990967,1013.4180297851562,"{'rainfall': '2025-09', 'sst': '2026-03', 'wind_speed': '2026-02', 'pressure': '2026-02'}"
Andhra Pradesh,16.5,79.0,0.31250003,,2.326369524002075,1012.7845458984375,"{'rainfall': '2025-09', 'wind_speed': '2026-02', 'pressure': '2026-02'}"
Andhra Pradesh,16.5,79.5,0.294375,,1.8322722911834717,1012.7965698242188,"{'rainfall': '2025-09', 'wind_speed': '2026-02', 'pressure': '2026-02'}"
Andhra Pradesh,16.5,80.0,0.2760417,,1.8011878728866577,1012.885986328125,"{'rainfall': '2025-09', 'wind_speed': '2026-02', 'pressure': '2026-02'}"
Andhra Pradesh,16.5,80.5,0.26006252,,2.066239595413208,1012.99755859375,"{'rainfall': '2025-09', 'wind_speed': '2026-02', 'pressure': '2026-02'}"
Andhra Pradesh,16.5,81.0,0.25820836,,2.5695443153381348,1013.15380859375,"{'rainfall': '2025-09', 'wind_speed': '2026-02', 'pressure': '2026-02'}"
Andhra Pradesh,16.5,81.5,0.25343752,,,,{'rainfall': '2025-09'}
Andhra Pradesh,16.5,82.0,0.20862502,,2.7641797065734863,1013.4744262695312,"{'rainfall': '2025-09', 'wind_speed': '2026-02', 'pressure': '2026-02'}"
Andhra Pradesh,17.0,79.0,0.34897223,,2.100421905517578,1012.955810546875,"{'rainfall': '2025-09', 'wind_speed': '2026-02', 'pressure': '2026-02'}"
Andhra Pradesh,17.0,79.5,0.32662502,,1.5520284175872803,1012.9085693359375,"{'rainfall': '2025-09', 'wind_speed': '2026-02', 'pressure': '2026-02'}"
Andhra Pradesh,17.0,80.0,0.30972224,,1.3776451349258423,1012.9307250976562,"{'rainfall': '2025-09', 'wind_speed': '2026-02', 'pressure': '2026-02'}"
Andhra Pradesh,17.0,80.5,0.29179168,,1.5362660884857178,1012.9757690429688,"{'rainfall': '2025-09', 'wind_speed': '2026-02', 'pressure': '2026-02'}"
Andhra Pradesh,17.0,81.0,0.26733336,,1.86371910572052,1013.0667724609375,"{'rainfall': '2025-09', 'wind_speed': '2026-02', 'pressure': '2026-02'}"
Andhra Pradesh,17.0,81.5,0.23716669,,,,{'rainfall': '2025-09'}
Andhra Pradesh,17.0,82.0,0.22666669,,2.255549430847168,1013.1389770507812,"{'rainfall': '2025-09', 'wind_speed': '2026-02', 'pressure': '2026-02'}"
Andhra Pradesh,17.5,79.0,0.40808335,,2.0142853260040283,1013.0138549804688,"{'rainfall': '2025-09', 'wind_speed': '2026-02', 'pressure': '2026-02'}"
Andhra Pradesh,17.5,79.5,0.37668753,,1.3670181035995483,1013.0094604492188,"{'rainfall': '2025-09', 'wind_speed': '2026-02', 'pressure': '2026-02'}"
Andhra Pradesh,17.5,80.0,0.36070836,,1.052407145500183,1013.01953125,"{'rainfall': '2025-09', 'wind_speed': '2026-02', 'pressure': '2026-02'}"
Andhra Pradesh,17.5,80.5,0.35037503,,1.0760321617126465,1012.9639282226562,"{'rainfall': '2025-09', 'wind_speed': '2026-02', 'pressure': '2026-02'}"
Andhra Pradesh,17.5,81.0,0.312375,,1.2103960514068604,1012.946044921875,"{'rainfall': '2025-09', 'wind_speed': '2026-02', 'pressure': '2026-02'}"
Andhra Pradesh,17.5,81.5,0.268125,,,,{'rainfall': '2025-09'}
Andhra Pradesh,17.5,82.0,0.2631667,,1.3536818027496338,1013.2860107421875,"{'rainfall': '2025-09', 'wind_speed': '2026-02', 'pressure': '2026-02'}"
Andhra Pradesh,18.0,79.0,0.41286114,,2.0374162197113037,1012.9257202148438,"{'rainfall': '2025-09', 'wind_speed': '2026-02', 'pressure': '2026-02'}"
Andhra Pradesh,18.0,79.5,0.37762502,,1.3973065614700317,1013.0099487304688,"{'rainfall': '2025-09', 'wind_speed': '2026-02', 'pressure': '2026-02'}"
Andhra Pradesh,18.0,80.0,0.39297223,,1.0014057159423828,1012.9771118164062,"{'rainfall': '2025-09', 'wind_speed': '2026-02', 'pressure': '2026-02'}"
Andhra Pradesh,18.0,80.5,0.3832917,,0.8591976761817932,1012.9134521484375,"{'rainfall': '2025-09', 'wind_speed': '2026-02', 'pressure': '2026-02'}"
Andhra Pradesh,18.0,81.0,0.34933335,,0.8129116892814636,1012.9912719726562,"{'rainfall': '2025-09', 'wind_speed': '2026-02', 'pressure': '2026-02'}"
Andhra Pradesh,18.0,81.5,0.32725003,,,,{'rainfall': '2025-09'}
Andhra Pradesh,18.0,82.0,0.33083335,,0.8168428540229797,1013.0521850585938,"{'rainfall': '2025-09', 'wind_speed': '2026-02', 'pressure': '2026-02'}"
Andhra Pradesh,18.5,79.0,0.41304168,,1.9314714670181274,1012.7134399414062,"{'rainfall': '2025-09', 'wind_speed': '2026-02', 'pressure': '2026-02'}"
Andhra Pradesh,18.5,79.5,0.38743752,,1.3262144327163696,1012.85107421875,"{'rainfall': '2025-09', 'wind_speed': '2026-02', 'pressure': '2026-02'}"
Andhra Pradesh,18.5,80.0,0.40904167,,0.9213486313819885,1012.8438110351562,"{'rainfall': '2025-09', 'wind_speed': '2026-02', 'pressure': '2026-02'}"
Andhra Pradesh,18.5,80.5,0.43268752,,0.9132512807846069,1012.826904296875,"{'rainfall': '2025-09', 'wind_speed': '2026-02', 'pressure': '2026-02'}"
Andhra Pradesh,18.5,81.0,0.42358336,,1.2352828979492188,1013.2017822265625,"{'rainfall': '2025-09', 'wind_speed': '2026-02', 'pressure': '2026-02'}"
Andhra Pradesh,18.5,81.5,0.43875003,,,,{'rainfall': '2025-09'}
Andhra Pradesh,18.5,82.0,0.43433335,,1.4575294256210327,1012.96923828125,"{'rainfall': '2025-09', 'wind_speed': '2026-02', 'pressure': '2026-02'}"
Andhra Pradesh,19.0,79.0,0.46986115,,1.887906789779663,1012.724365234375,"{'rainfall': '2025-09', 'wind_speed': '2026-02', 'pressure': '2026-02'}"
Andhra Pradesh,19.0,79.5,0.46037504,,1.2962243556976318,1012.7945556640625,"{'rainfall': '2025-09', 'wind_speed': '2026-02', 'pressure': '2026-02'}"
Andhra Pradesh,19.0,80.0,0.45891666,,0.8776687979698181,1012.7647094726562,"{'rainfall': '2025-09', 'wind_speed': '2026-02', 'pressure': '2026-02'}"
Andhra Pradesh,19.0,80.5,0.4577917,,1.0026781558990479,1012.8318481445312,"{'rainfall': '2025-09', 'wind_speed': '2026-02', 'pressure': '2026-02'}"
Andhra Pradesh,19.0,81.0,0.46044445,,1.8577548265457153,1013.2672119140625,"{'rainfall': '2025-09', 'wind_speed': '2026-02', 'pressure': '2026-02'}"
Andhra Pradesh,19.0,81.5,0.4371667,,,,{'rainfall': '2025-09'}
Andhra Pradesh,19.0,82.0,0.40363893,,2.0802831649780273,1013.5747680664062,"{'rainfall': '2025-09', 'wind_speed': '2026-02', 'pressure': '2026-02'}"
Gujarat,20.0,68.0,0.19619446,27.6016845703125,3.4959022998809814,1013.93310546875,"{'rainfall': '2025-09', 'sst': '2026-03', 'wind_speed': '2026-02', 'pressure': '2026-02'}"
Gujarat,20.0,68.5,0.17941667,,,,{'rainfall': '2025-09'}
Gujarat,20.0,69.0,0.15802778,,3.621760845184326,1013.736083984375,"{'rainfall': '2025-09', 'wind_speed': '2026-02', 'pressure': '2026-02'}"
Gujarat,20.0,69.5,0.18300001,,3.609419107437134,1013.5415649414062,"{'rainfall': '2025-09', 'wind_speed': '2026-02', 'pressure': '2026-02'}"
Gujarat,20.0,70.0,0.2056389,27.58179473876953,3.424509286880493,1013.345703125,"{'rainfall': '2025-09', 'sst': '2026-03', 'wind_speed': '2026-02', 'pressure': '2026-02'}"
Gujarat,20.0,70.5,0.3174167,,3.161440849304199,1013.1612548828125,"{'rainfall': '2025-09', 'wind_speed': '2026-02', 'pressure': '2026-02'}"
Gujarat,20.0,71.0,0.3651389,,3.0932090282440186,1012.9444580078125,"{'rainfall': '2025-09', 'wind_speed': '2026-02', 'pressure': '2026-02'}"
Gujarat,20.0,71.5,0.32433334,,,,{'rainfall': '2025-09'}
Gujarat,20.5,68.0,0.171875,,3.37501859664917,1014.0076293945312,"{'rainfall': '2025-09', 'wind_speed': '2026-02', 'pressure': '2026-02'}"
Gujarat,20.5,68.5,0.1886875,,,,{'rainfall': '2025-09'}
Gujarat,20.5,69.0,0.21275002,,3.524203062057495,1013.7965698242188,"{'rainfall': '2025-09', 'wind_speed': '2026-02', 'pressure': '2026-02'}"
Gujarat,20.5,69.5,0.27518752,,3.524904727935791,1013.5586547851562,"{'rainfall': '2025-09', 'wind_speed': '2026-02', 'pressure': '2026-02'}"
Gujarat,20.5,70.0,0.23737502,,3.1635401248931885,1013.344482421875,"{'rainfall': '2025-09', 'wind_speed': '2026-02', 'pressure': '2026-02'}"
Gujarat,20.5,70.5,0.24531251,,2.5707876682281494,1013.075927734375,"{'rainfall': '2025-09', 'wind_speed': '2026-02', 'pressure': '2026-02'}"
Gujarat,20.5,71.0,0.33491668,,2.283665895462036,1012.9207763671875,"{'rainfall': '2025-09', 'wind_speed': '2026-02', 'pressure': '2026-02'}"
Gujarat,20.5,71.5,0.3088125,,,,{'rainfall': '2025-09'}
Gujarat,20.5,72.0,0.4325,,2.6006712913513184,1012.8069458007812,"{'rainfall': '2025-09', 'wind_speed': '2026-02', 'pressure': '2026-02'}"
Gujarat,21.0,68.0,0.3007778,,3.3485589027404785,1014.0504760742188,"{'rainfall': '2025-09', 'wind_speed': '2026-02', 'pressure': '2026-02'}"
Gujarat,21.0,68.5,0.21700001,,,,{'rainfall': '2025-09'}
Gujarat,21.0,69.0,0.31355557,,3.548758029937744,1013.8549194335938,"{'rainfall': '2025-09', 'wind_speed': '2026-02', 'pressure': '2026-02'}"
Gujarat,21.0,69.5,0.31033334,,3.4040274620056152,1013.6464233398438,"{'rainfall': '2025-09', 'wind_speed': '2026-02', 'pressure': '2026-02'}"
Gujarat,21.0,70.0,0.21808334,,2.5193071365356445,1013.3718872070312,"{'rainfall': '2025-09', 'wind_speed': '2026-02', 'pressure': '2026-02'}"
Gujarat,21.0,70.5,0.28100002,,1.6463046073913574,1013.0823364257812,"{'rainfall': '2025-09', 'wind_speed': '2026-02', 'pressure': '2026-02'}"
Gujarat,21.0,71.0,0.30486113,,1.3633933067321777,1012.8182983398438,"{'rainfall': '2025-09', 'wind_speed': '2026-02', 'pressure': '2026-02'}"
Gujarat,21.0,71.5,0.301625,,,,{'rainfall': '2025-09'}
Gujarat,21.0,72.0,0.27069446,,1.7293305397033691,1012.7605590820312,"{'rainfall': '2025-09', 'wind_speed': '2026-02', 'pressure': '2026-02'}"
Gujarat,21.5,68.0,0.30704167,,3.416644334793091,1014.1405639648438,"{'rainfall': '2025-09', 'wind_speed': '2026-02', 'pressure': '2026-02'}"
Gujarat,21.5,68.5,0.207,,,,{'rainfall': '2025-09'}
Gujarat,21.5,69.0,0.22400002,,3.635770797729492,1013.9335327148438,"{'rainfall': '2025-09', 'wind_speed': '2026-02', 'pressure': '2026-02'}"
Gujarat,21.5,69.5,0.19312501,,3.151691436767578,1013.60595703125,"{'rainfall': '2025-09', 'wind_speed': '2026-02', 'pressure': '2026-02'}"
Gujarat,21.5,70.0,0.21475,,2.058035135269165,1013.2265625,"{'rainfall': '2025-09', 'wind_speed': '2026-02', 'pressure': '2026-02'}"
Gujarat,21.5,70.5,0.25056252,,1.4835319519042969,1012.9578857421875,"{'rainfall': '2025-09', 'wind_speed': '2026-02', 'pressure': '2026-02'}"
Gujarat,21.5,71.0,0.2705417,,1.295322299003601,1012.7697143554688,"{'rainfall': '2025-09', 'wind_speed': '2026-02', 'pressure': '2026-02'}"
Gujarat,21.5,71.5,0.2864375,,,,{'rainfall': '2025-09'}
Gujarat,21.5,72.0,0.32895836,,1.3790875673294067,1012.7290649414062,"{'rainfall': '2025-09', 'wind_speed': '2026-02', 'pressure': '2026-02'}"
Gujarat,22.0,68.0,0.11511111,26.77370262145996,3.447049856185913,1014.2135009765625,"{'rainfall': '2025-09', 'sst': '2026-03', 'wind_speed': '2026-02', 'pressure': '2026-02'}"
Gujarat,22.0,68.5,0.09875,,,,{'rainfall': '2025-09'}
Gujarat,22.0,69.0,0.12869446,,3.4504191875457764,1014.0184936523438,"{'rainfall': '2025-09', 'wind_speed': '2026-02', 'pressure': '2026-02'}"
Gujarat,22.0,69.5,0.166875,,2.3899590969085693,1013.7134399414062,"{'rainfall': '2025-09', 'wind_speed': '2026-02', 'pressure': '2026-02'}"
Gujarat,22.0,70.0,0.22311112,26.90716552734375,2.0183351039886475,1013.399169921875,"{'rainfall': '2025-09', 'sst': '2026-03', 'wind_speed': '2026-02', 'pressure': '2026-02'}"
Gujarat,22.0,70.5,0.27675,,1.8517578840255737,1013.1506958007812,"{'rainfall': '2025-09', 'wind_speed': '2026-02', 'pressure': '2026-02'}"
Gujarat,22.0,71.0,0.28175002,,1.7033536434173584,1012.9500122070312,"{'rainfall': '2025-09', 'wind_speed': '2026-02', 'pressure': '2026-02'}"
Gujarat,22.0,71.5,0.28829166,,,,{'rainfall': '2025-09'}
Gujarat,22.0,72.0,0.32547224,,1.4730480909347534,1012.819091796875,"{'rainfall': '2025-09', 'wind_speed': '2026-02', 'pressure': '2026-02'}"
Gujarat,22.5,68.0,0.083875,,3.2139759063720703,1014.3435668945312,"{'rainfall': '2025-09', 'wind_speed': '2026-02', 'pressure': '2026-02'}"
Gujarat,22.5,68.5,0.0735625,,,,{'rainfall': '2025-09'}
Gujarat,22.5,69.0,0.116458334,,2.7991998195648193,1014.158203125,"{'rainfall': '2025-09', 'wind_speed': '2026-02', 'pressure': '2026-02'}"
Gujarat,22.5,69.5,0.1658125,,2.416821002960205,1013.845458984375,"{'rainfall': '2025-09', 'wind_speed': '2026-02', 'pressure': '2026-02'}"
Gujarat,22.5,70.0,0.28520834,,2.169116735458374,1013.5853881835938,"{'rainfall': '2025-09', 'wind_speed': '2026-02', 'pressure': '2026-02'}"
Gujarat,22.5,70.5,0.32337502,,1.9252636432647705,1013.3448486328125,"{'rainfall': '2025-09', 'wind_speed': '2026-02', 'pressure': '2026-02'}"
Gujarat,22.5,71.0,0.29175,,1.8168784379959106,1013.1434936523438,"{'rainfall': '2025-09', 'wind_speed': '2026-02', 'pressure': '2026-02'}"
Gujarat,22.5,71.5,0.24556251,,,,{'rainfall': '2025-09'}
Gujarat,22.5,72.0,0.3369167,,1.5520402193069458,1012.957275390625,"{'rainfall': '2025-09', 'wind_speed': '2026-02', 'pressure': '2026-02'}"
Gujarat,23.0,68.0,0.1466389,,2.809103012084961,1014.3870239257812,"{'rainfall': '2025-09', 'wind_speed': '2026-02', 'pressure': '2026-02'}"
Gujarat,23.0,68.5,0.13833334,,,,{'rainfall': '2025-09'}
Gujarat,23.0,69.0,0.18597223,,2.169002056121826,1014.06201171875,"{'rainfall': '2025-09', 'wind_speed': '2026-02', 'pressure': '2026-02'}"
Gujarat,23.0,69.5,0.26400003,,1.6626735925674438,1013.8988037109375,"{'rainfall': '2025-09', 'wind_speed': '2026-02', 'pressure': '2026-02'}"
Gujarat,23.0,70.0,0.37733334,,1.780963659286499,1013.6668701171875,"{'rainfall': '2025-09', 'wind_speed': '2026-02', 'pressure': '2026-02'}"
Gujarat,23.0,70.5,0.416375,,1.866973876953125,1013.4595336914062,"{'rainfall': '2025-09', 'wind_speed': '2026-02', 'pressure': '2026-02'}"
Gujarat,23.0,71.0,0.38286114,,1.7888407707214355,1013.2957153320312,"{'rainfall': '2025-09', 'wind_speed': '2026-02', 'pressure': '2026-02'}"
Gujarat,23.0,71.5,0.29641667,,,,{'rainfall': '2025-09'}
Gujarat,23.0,72.0,0.2671389,,1.507699728012085,1013.1084594726562,"{'rainfall': '2025-09', 'wind_speed': '2026-02', 'pressure': '2026-02'}"
Gujarat,23.5,68.0,0.27070835,,2.0549421310424805,1014.403076171875,"{'rainfall': '2025-09', 'wind_speed': '2026-02', 'pressure': '2026-02'}"
Gujarat,23.5,68.5,0.25306252,,,,{'rainfall': '2025-09'}
Gujarat,23.5,69.0,0.26120836,,1.581557035446167,1014.1220092773438,"{'rainfall': '2025-09', 'wind_speed': '2026-02', 'pressure': '2026-02'}"
Gujarat,23.5,69.5,0.31543753,,1.3980982303619385,1013.86572265625,"{'rainfall': '2025-09', 'wind_speed': '2026-02', 'pressure': '2026-02'}"
Gujarat,23.5,70.0,0.4206667,,1.59614896774292,1013.7100830078125,"{'rainfall': '2025-09', 'wind_speed': '2026-02', 'pressure': '2026-02'}"
Gujarat,23.5,70.5,0.46256253,,1.8222203254699707,1013.5753173828125,"{'rainfall': '2025-09', 'wind_speed': '2026-02', 'pressure': '2026-02'}"
Gujarat,23.5,71.0,0.44620836,,1.7595584392547607,1013.4148559570312,"{'rainfall': '2025-09', 'wind_speed': '2026-02', 'pressure': '2026-02'}"
Gujarat,23.5,71.5,0.34462503,,,,{'rainfall': '2025-09'}
Gujarat,23.5,72.0,0.25262502,,1.3804748058319092,1013.2337646484375,"{'rainfall': '2025-09', 'wind_speed': '2026-02', 'pressure': '2026-02'}"
Gujarat,24.0,68.0,0.26030555,26.10887336730957,1.5709044933319092,1014.1966552734375,"{'rainfall': '2025-09', 'sst': '2026-03', 'wind_speed': '2026-02', 'pressure': '2026-02'}"
Gujarat,24.0,68.5,0.27475002,,,,{'rainfall': '2025-09'}
Gujarat,24.0,69.0,0.27105558,,1.309269666671753,1013.99365234375,"{'rainfall': '2025-09', 'wind_speed': '2026-02', 'pressure': '2026-02'}"
Gujarat,24.0,69.5,0.27433333,,1.2482028007507324,1013.9505615234375,"{'rainfall': '2025-09', 'wind_speed': '2026-02', 'pressure': '2026-02'}"
Gujarat,24.0,70.0,0.40783337,,1.5024173259735107,1013.8406372070312,"{'rainfall': '2025-09', 'wind_speed': '2026-02', 'pressure': '2026-02'}"
Gujarat,24.0,70.5,0.4630417,,1.7418766021728516,1013.7092895507812,"{'rainfall': '2025-09', 'wind_speed': '2026-02', 'pressure': '2026-02'}"
Gujarat,24.0,71.0,0.44391668,,1.7238969802856445,1013.5610961914062,"{'rainfall': '2025-09', 'wind_speed': '2026-02', 'pressure': '2026-02'}"
Gujarat,24.0,71.5,0.32433334,,,,{'rainfall': '2025-09'}
Gujarat,24.0,72.0,0.23402779,,1.335890293121338,1013.3509521484375,"{'rainfall': '2025-09', 'wind_speed': '2026-02', 'pressure': '2026-02'}"
Kerala,8.0,75.0,0.15477778,,0.9263420701026917,1011.029296875,"{'rainfall': '2025-09', 'wind_speed': '2026-02', 'pressure': '2026-02'}"
Kerala,8.0,75.5,0.141625,,1.0142431259155273,1011.0050659179688,"{'rainfall': '2025-09', 'wind_speed': '2026-02', 'pressure': '2026-02'}"
Kerala,8.0,76.0,0.15830557,29.91383171081543,1.5034507513046265,1011.010009765625,"{'rainfall': '2025-09', 'sst': '2026-03', 'wind_speed': '2026-02', 'pressure': '2026-02'}"
Kerala,8.0,76.5,0.194875,,,,{'rainfall': '2025-09'}
Kerala,8.0,77.0,0.16011113,,2.912754535675049,1010.9681396484375,"{'rainfall': '2025-09', 'wind_speed': '2026-02', 'pressure': '2026-02'}"
Kerala,8.5,75.0,0.11720834,,0.8450407385826111,1011.0211181640625,"{'rainfall': '2025-09', 'wind_speed': '2026-02', 'pressure': '2026-02'}"
Kerala,8.5,75.5,0.17031251,,0.5506748557090759,1010.9500122070312,"{'rainfall': '2025-09', 'wind_speed': '2026-02', 'pressure': '2026-02'}"
Kerala,8.5,76.0,0.24091667,,0.5559521913528442,1010.9827880859375,"{'rainfall': '2025-09', 'wind_speed': '2026-02', 'pressure': '2026-02'}"
Kerala,8.5,76.5,0.21793751,,,,{'rainfall': '2025-09'}
Kerala,8.5,77.0,0.22875,,1.5560015439987183,1010.4497680664062,"{'rainfall': '2025-09', 'wind_speed': '2026-02', 'pressure': '2026-02'}"
Kerala,9.0,75.0,0.16361111,,0.9735687971115112,1011.0069580078125,"{'rainfall': '2025-09', 'wind_speed': '2026-02', 'pressure': '2026-02'}"
Kerala,9.0,75.5,0.20045835,,0.8872286677360535,1010.9841918945312,"{'rainfall': '2025-09', 'wind_speed': '2026-02', 'pressure': '2026-02'}"
Kerala,9.0,76.0,0.23025002,,0.7947216629981995,1010.919921875,"{'rainfall': '2025-09', 'wind_speed': '2026-02', 'pressure': '2026-02'}"
Kerala,9.0,76.5,0.27308336,,,,{'rainfall': '2025-09'}
Kerala,9.0,77.0,0.2610556,,0.6999223232269287,1010.769287109375,"{'rainfall': '2025-09', 'wind_speed': '2026-02', 'pressure': '2026-02'}"
Kerala,9.5,75.0,0.18504167,,1.1721118688583374,1010.9597778320312,"{'rainfall': '2025-09', 'wind_speed': '2026-02', 'pressure': '2026-02'}"
Kerala,9.5,75.5,0.20325,,1.4102977514266968,1010.9389038085938,"{'rainfall': '2025-09', 'wind_speed': '2026-02', 'pressure': '2026-02'}"
Kerala,9.5,76.0,0.24466668,,1.4216203689575195,1010.7246704101562,"{'rainfall': '2025-09', 'wind_speed': '2026-02', 'pressure': '2026-02'}"
Kerala,9.5,76.5,0.372,,,,{'rainfall': '2025-09'}
Kerala,9.5,77.0,0.26445833,,0.2178250253200531,1010.5284423828125,"{'rainfall': '2025-09', 'wind_speed': '2026-02', 'pressure': '2026-02'}"
Kerala,10.0,75.0,0.23261112,,1.4070078134536743,1010.9591674804688,"{'rainfall': '2025-09', 'wind_speed': '2026-02', 'pressure': '2026-02'}"
Kerala,10.0,75.5,0.19729167,,1.2605990171432495,1010.979248046875,"{'rainfall': '2025-09', 'wind_speed': '2026-02', 'pressure': '2026-02'}"
Kerala,10.0,76.0,0.2512778,30.027584075927734,0.7657591104507446,1010.60400390625,"{'rainfall': '2025-09', 'sst': '2026-03', 'wind_speed': '2026-02', 'pressure': '2026-02'}"
Kerala,10.0,76.5,0.3457917,,,,{'rainfall': '2025-09'}
Kerala,10.0,77.0,0.2595278,,0.5625091791152954,1010.8984985351562,"{'rainfall': '2025-09', 'wind_speed': '2026-02', 'pressure': '2026-02'}"
Kerala,10.5,75.0,0.29108337,,1.4773496389389038,1010.981689453125,"{'rainfall': '2025-09', 'wind_speed': '2026-02', 'pressure': '2026-02'}"
Kerala,10.5,75.5,0.2954375,,0.8505460619926453,1010.9318237304688,"{'rainfall': '2025-09', 'wind_speed': '2026-02', 'pressure': '2026-02'}"
Kerala,10.5,76.0,0.261125,,0.731611430644989,1010.548095703125,"{'rainfall': '2025-09', 'wind_speed': '2026-02', 'pressure': '2026-02'}"
Kerala,10.5,76.5,0.2766875,,,,{'rainfall': '2025-09'}
Kerala,10.5,77.0,0.21825002,,1.7929085493087769,1011.0154418945312,"{'rainfall': '2025-09', 'wind_speed': '2026-02', 'pressure': '2026-02'}"
Kerala,11.0,75.0,0.32975,,1.399396300315857,1011.0042114257812,"{'rainfall': '2025-09', 'wind_speed': '2026-02', 'pressure': '2026-02'}"
Kerala,11.0,75.5,0.26087502,,0.6818704605102539,1010.7730712890625,"{'rainfall': '2025-09', 'wind_speed': '2026-02', 'pressure': '2026-02'}"
Kerala,11.0,76.0,0.2792778,,0.8279412388801575,1010.6470336914062,"{'rainfall': '2025-09', 'wind_speed': '2026-02', 'pressure': '2026-02'}"
Kerala,11.0,76.5,0.23466669,,,,{'rainfall': '2025-09'}
Kerala,11.0,77.0,0.19830556,,2.264551877975464,1011.2183837890625,"{'rainfall': '2025-09', 'wind_speed': '2026-02', 'pressure': '2026-02'}"
Kerala,11.5,75.0,0.33137503,,1.8453984260559082,1010.968505859375,"{'rainfall': '2025-09', 'wind_speed': '2026-02', 'pressure': '2026-02'}"
Kerala,11.5,75.5,0.3034375,,0.9762789607048035,1010.59814453125,"{'rainfall': '2025-09', 'wind_speed': '2026-02', 'pressure': '2026-02'}"
Kerala,11.5,76.0,0.2697917,,0.5903105735778809,1010.6906127929688,"{'rainfall': '2025-09', 'wind_speed': '2026-02', 'pressure': '2026-02'}"
Kerala,11.5,76.5,0.1874375,,,,{'rainfall': '2025-09'}
Kerala,11.5,77.0,0.18166667,,2.020095109939575,1011.1968994140625,"{'rainfall': '2025-09', 'wind_speed': '2026-02', 'pressure': '2026-02'}"
Kerala,12.0,75.0,0.30650002,,1.9753472805023193,1010.8917846679688,"{'rainfall': '2025-09', 'wind_speed': '2026-02', 'pressure': '2026-02'}"
Kerala,12.0,75.5,0.36925003,,0.6285272836685181,1010.5889282226562,"{'rainfall': '2025-09', 'wind_speed': '2026-02', 'pressure': '2026-02'}"
Kerala,12.0,76.0,0.24869445,30.02947235107422,1.1453814506530762,1010.6885986328125,"{'rainfall': '2025-09', 'sst': '2026-03', 'wind_speed': '2026-02', 'pressure': '2026-02'}"
Kerala,12.0,76.5,0.16187501,,,,{'rainfall': '2025-09'}
Kerala,12.0,77.0,0.18580556,,2.2347097396850586,1010.8414916992188,"{'rainfall': '2025-09', 'wind_speed': '2026-02', 'pressure': '2026-02'}"
Maharashtra,15.0,72.0,0.37508333,,4.202617168426514,1011.92822265625,"{'rainfall': '2025-09', 'wind_speed': '2026-02', 'pressure': '2026-02'}"
Maharashtra,15.0,72.5,0.37012503,,3.7987401485443115,1011.7128295898438,"{'rainfall': '2025-09', 'wind_speed': '2026-02', 'pressure': '2026-02'}"
Maharashtra,15.0,73.0,0.39325002,,3.3223490715026855,1011.5697631835938,"{'rainfall': '2025-09', 'wind_speed': '2026-02', 'pressure': '2026-02'}"
Maharashtra,15.0,73.5,0.41750002,,,,{'rainfall': '2025-09'}
Maharashtra,15.0,74.0,0.32650003,,2.150822877883911,1011.3894653320312,"{'rainfall': '2025-09', 'wind_speed': '2026-02', 'pressure': '2026-02'}"
Maharashtra,15.5,72.0,0.42787504,,4.183807849884033,1012.0311889648438,"{'rainfall': '2025-09', 'wind_speed': '2026-02', 'pressure': '2026-02'}"
Maharashtra,15.5,72.5,0.5235,,3.8409957885742188,1011.7368774414062,"{'rainfall': '2025-09', 'wind_speed': '2026-02', 'pressure': '2026-02'}"
Maharashtra,15.5,73.0,0.46416667,,3.439952850341797,1011.6919555664062,"{'rainfall': '2025-09', 'wind_speed': '2026-02', 'pressure': '2026-02'}"
Maharashtra,15.5,73.5,0.31668752,,,,{'rainfall': '2025-09'}
Maharashtra,15.5,74.0,0.32475,,1.6778446435928345,1011.2775268554688,"{'rainfall': '2025-09', 'wind_speed': '2026-02', 'pressure': '2026-02'}"
Maharashtra,16.0,72.0,0.40213892,29.131505966186523,4.244894027709961,1012.122802734375,"{'rainfall': '2025-09', 'sst': '2026-03', 'wind_speed': '2026-02', 'pressure': '2026-02'}"
Maharashtra,16.0,72.5,0.55516666,,3.9729809761047363,1011.71875,"{'rainfall': '2025-09', 'wind_speed': '2026-02', 'pressure': '2026-02'}"
Maharashtra,16.0,73.0,0.46058336,,3.6529924869537354,1011.8087768554688,"{'rainfall': '2025-09', 'wind_speed': '2026-02', 'pressure': '2026-02'}"
Maharashtra,16.0,73.5,0.44270837,,,,{'rainfall': '2025-09'}
Maharashtra,16.0,74.0,0.35947224,29.38909149169922,0.9108397364616394,1011.0601806640625,"{'rainfall': '2025-09', 'sst': '2026-03', 'wind_speed': '2026-02', 'pressure': '2026-02'}"
Maharashtra,16.5,72.0,0.45637503,,4.368858337402344,1012.1395874023438,"{'rainfall': '2025-09', 'wind_speed': '2026-02', 'pressure': '2026-02'}"
Maharashtra,16.5,72.5,0.48012504,,4.150149345397949,1011.857421875,"{'rainfall': '2025-09', 'wind_speed': '2026-02', 'pressure': '2026-02'}"
Maharashtra,16.5,73.0,0.44837502,,3.3974788188934326,1011.7507934570312,"{'rainfall': '2025-09', 'wind_speed': '2026-02', 'pressure': '2026-02'}"
Maharashtra,16.5,73.5,0.57162505,,,,{'rainfall': '2025-09'}
Maharashtra,16.5,74.0,0.38729167,,0.6364625096321106,1011.1737670898438,"{'rainfall': '2025-09', 'wind_speed': '2026-02', 'pressure': '2026-02'}"
Maharashtra,17.0,72.0,0.38230556,,4.3874006271362305,1012.1583862304688,"{'rainfall': '2025-09', 'wind_speed': '2026-02', 'pressure': '2026-02'}"
Maharashtra,17.0,72.5,0.4501667,,4.288124084472656,1012.0181884765625,"{'rainfall': '2025-09', 'wind_speed': '2026-02', 'pressure': '2026-02'}"
Maharashtra,17.0,73.0,0.52247226,,2.7994439601898193,1011.5834350585938,"{'rainfall': '2025-09', 'wind_speed': '2026-02', 'pressure': '2026-02'}"
Maharashtra,17.0,73.5,0.59245837,,,,{'rainfall': '2025-09'}
Maharashtra,17.0,74.0,0.3945278,,0.5232176780700684,1011.3177490234375,"{'rainfall': '2025-09', 'wind_speed': '2026-02', 'pressure': '2026-02'}"
Maharashtra,17.5,72.0,0.32804167,,4.378215312957764,1012.2090454101562,"{'rainfall': '2025-09', 'wind_speed': '2026-02', 'pressure': '2026-02'}"
Maharashtra,17.5,72.5,0.44200003,,4.3249382972717285,1012.11962890625,"{'rainfall': '2025-09', 'wind_speed': '2026-02', 'pressure': '2026-02'}"
Maharashtra,17.5,73.0,0.58445835,,2.1530039310455322,1011.566162109375,"{'rainfall': '2025-09', 'wind_speed': '2026-02', 'pressure': '2026-02'}"
Maharashtra,17.5,73.5,0.5986875,,,,{'rainfall': '2025-09'}
Maharashtra,17.5,74.0,0.41404167,,0.5399323105812073,1011.520751953125,"{'rainfall': '2025-09', 'wind_speed': '2026-02', 'pressure': '2026-02'}"
Maharashtra,18.0,72.0,0.40761113,28.36623191833496,4.330321311950684,1012.272216796875,"{'rainfall': '2025-09', 'sst': '2026-03', 'wind_speed': '2026-02', 'pressure': '2026-02'}"
Maharashtra,18.0,72.5,0.49066672,,4.205280780792236,1012.2581176757812,"{'rainfall': '2025-09', 'wind_speed': '2026-02', 'pressure': '2026-02'}"
Maharashtra,18.0,73.0,0.6376389,,1.6709978580474854,1011.5206909179688,"{'rainfall': '2025-09', 'wind_speed': '2026-02', 'pressure': '2026-02'}"
Maharashtra,18.0,73.5,0.65358335,,,,{'rainfall': '2025-09'}
Maharashtra,18.0,74.0,0.4679167,,0.5584002733230591,1011.762939453125,"{'rainfall': '2025-09', 'wind_speed': '2026-02', 'pressure': '2026-02'}"
Maharashtra,18.5,72.0,0.41862503,,4.225188255310059,1012.3493041992188,"{'rainfall': '2025-09', 'wind_speed': '2026-02', 'pressure': '2026-02'}"
Maharashtra,18.5,72.5,0.51031256,,3.9896962642669678,1012.3870849609375,"{'rainfall': '2025-09', 'wind_speed': '2026-02', 'pressure': '2026-02'}"
Maharashtra,18.5,73.0,0.7447917,,1.3091269731521606,1011.6253662109375,"{'rainfall': '2025-09', 'wind_speed': '2026-02', 'pressure': '2026-02'}"
Maharashtra,18.5,73.5,0.70337504,,,,{'rainfall': '2025-09'}
Maharashtra,18.5,74.0,0.5302917,,0.5107474327087402,1012.0513305664062,"{'rainfall': '2025-09', 'wind_speed': '2026-02', 'pressure': '2026-02'}"
Maharashtra,19.0,72.0,0.51808333,,4.057554721832275,1012.4671630859375,"{'rainfall': '2025-09', 'wind_speed': '2026-02', 'pressure': '2026-02'}"
Maharashtra,19.0,72.5,0.5901667,,3.7133233547210693,1012.4539184570312,"{'rainfall': '2025-09', 'wind_speed': '2026-02', 'pressure': '2026-02'}"
Maharashtra,19.0,73.0,0.79463893,,1.0695737600326538,1011.748046875,"{'rainfall': '2025-09', 'wind_speed': '2026-02', 'pressure': '2026-02'}"
Maharashtra,19.0,73.5,0.7254167,,,,{'rainfall': '2025-09'}
Maharashtra,19.0,74.0,0.54955554,,0.3263290822505951,1012.0626831054688,"{'rainfall': '2025-09', 'wind_speed': '2026-02', 'pressure': '2026-02'}"
Maharashtra,19.5,72.0,0.4827917,,3.833418607711792,1012.60888671875,"{'rainfall': '2025-09', 'wind_speed': '2026-02', 'pressure': '2026-02'}"
Maharashtra,19.5,72.5,0.66481256,,3.408651351928711,1012.4625854492188,"{'rainfall': '2025-09', 'wind_speed': '2026-02', 'pressure': '2026-02'}"
Maharashtra,19.5,73.0,0.8447917,,1.1588623523712158,1011.8624267578125,"{'rainfall': '2025-09', 'wind_speed': '2026-02', 'pressure': '2026-02'}"
Maharashtra,19.5,73.5,0.73893756,,,,{'rainfall': '2025-09'}
Maharashtra,19.5,74.0,0.5595417,,0.29371222853660583,1012.0474243164062,"{'rainfall': '2025-09', 'wind_speed': '2026-02', 'pressure': '2026-02'}"
Maharashtra,20.0,72.0,0.42533335,27.60406494140625,3.3749842643737793,1012.736328125,"{'rainfall': '2025-09', 'sst': '2026-03', 'wind_speed': '2026-02', 'pressure': '2026-02'}"
Maharashtra,20.0,72.5,0.63558334,,3.180462598800659,1012.5289916992188,"{'rainfall': '2025-09', 'wind_speed': '2026-02', 'pressure': '2026-02'}"
Maharashtra,20.0,73.0,0.7724445,,1.3249138593673706,1012.0458374023438,"{'rainfall': '2025-09', 'wind_speed': '2026-02', 'pressure': '2026-02'}"
Maharashtra,20.0,73.5,0.6814584,,,,{'rainfall': '2025-09'}
Maharashtra,20.0,74.0,0.5011389,,0.5225343704223633,1012.0487670898438,"{'rainfall': '2025-09', 'wind_speed': '2026-02', 'pressure': '2026-02'}"
Odisha Coast,19.0,84.0,0.31583336,,0.5874754786491394,1013.4015502929688,"{'rainfall': '2025-09', 'wind_speed': '2026-02', 'pressure': '2026-02'}"
Odisha Coast,19.0,84.5,0.3035417,,0.7628561854362488,1013.7518920898438,"{'rainfall': '2025-09', 'wind_speed': '2026-02', 'pressure': '2026-02'}"
Odisha Coast,19.0,85.0,0.23397224,,1.0484431982040405,1013.8357543945312,"{'rainfall': '2025-09', 'wind_speed': '2026-02', 'pressure': '2026-02'}"
Odisha Coast,19.0,85.5,0.18975002,,1.14366614818573,1013.902587890625,"{'rainfall': '2025-09', 'wind_speed': '2026-02', 'pressure': '2026-02'}"
Odisha Coast,19.0,86.0,0.23786113,,1.6468274593353271,1014.0183715820312,"{'rainfall': '2025-09', 'wind_speed': '2026-02', 'pressure': '2026-02'}"
Odisha Coast,19.0,86.5,0.30641666,,,,{'rainfall': '2025-09'}
Odisha Coast,19.0,87.0,0.36375,,2.077082395553589,1013.8411865234375,"{'rainfall': '2025-09', 'wind_speed': '2026-02', 'pressure': '2026-02'}"
Odisha Coast,19.5,84.0,0.32916668,,1.1407324075698853,1013.489013671875,"{'rainfall': '2025-09', 'wind_speed': '2026-02', 'pressure': '2026-02'}"
Odisha Coast,19.5,84.5,0.29450002,,0.6860796213150024,1013.7399291992188,"{'rainfall': '2025-09', 'wind_speed': '2026-02', 'pressure': '2026-02'}"
Odisha Coast,19.5,85.0,0.28116667,,0.7240623831748962,1013.730712890625,"{'rainfall': '2025-09', 'wind_speed': '2026-02', 'pressure': '2026-02'}"
Odisha Coast,19.5,85.5,0.23425001,,0.8459175825119019,1013.81689453125,"{'rainfall': '2025-09', 'wind_speed': '2026-02', 'pressure': '2026-02'}"
Odisha Coast,19.5,86.0,0.31929168,,1.32756507396698,1014.1112670898438,"{'rainfall': '2025-09', 'wind_speed': '2026-02', 'pressure': '2026-02'}"
Odisha Coast,19.5,86.5,0.40975,,,,{'rainfall': '2025-09'}
Odisha Coast,19.5,87.0,0.50370836,,1.6546649932861328,1013.8838500976562,"{'rainfall': '2025-09', 'wind_speed': '2026-02', 'pressure': '2026-02'}"
Odisha Coast,20.0,84.0,0.39094445,,1.377606987953186,1013.8512573242188,"{'rainfall': '2025-09', 'wind_speed': '2026-02', 'pressure': '2026-02'}"
Odisha Coast,20.0,84.5,0.35458335,,1.169928789138794,1013.80615234375,"{'rainfall': '2025-09', 'wind_speed': '2026-02', 'pressure': '2026-02'}"
Odisha Coast,20.0,85.0,0.3220278,,0.5915380716323853,1013.6688232421875,"{'rainfall': '2025-09', 'wind_speed': '2026-02', 'pressure': '2026-02'}"
Odisha Coast,20.0,85.5,0.32104167,,0.4579627811908722,1013.74658203125,"{'rainfall': '2025-09', 'wind_speed': '2026-02', 'pressure': '2026-02'}"
Odisha Coast,20.0,86.0,0.33333337,27.781936645507812,1.0333774089813232,1013.955322265625,"{'rainfall': '2025-09', 'sst': '2026-03', 'wind_speed': '2026-02', 'pressure': '2026-02'}"
Odisha Coast,20.0,86.5,0.35525,,,,{'rainfall': '2025-09'}
Odisha Coast,20.0,87.0,0.39183336,,1.4161547422409058,1013.966552734375,"{'rainfall': '2025-09', 'wind_speed': '2026-02', 'pressure': '2026-02'}"
Odisha Coast,20.5,84.0,0.42612502,,1.353328824043274,1013.9996337890625,"{'rainfall': '2025-09', 'wind_speed': '2026-02', 'pressure': '2026-02'}"
Odisha Coast,20.5,84.5,0.3900625,,1.3014183044433594,1013.9371948242188,"{'rainfall': '2025-09', 'wind_speed': '2026-02', 'pressure': '2026-02'}"
Odisha Coast,20.5,85.0,0.36687502,,0.9131307601928711,1013.73828125,"{'rainfall': '2025-09', 'wind_speed': '2026-02', 'pressure': '2026-02'}"
Odisha Coast,20.5,85.5,0.341125,,0.5127972960472107,1013.72412109375,"{'rainfall': '2025-09', 'wind_speed': '2026-02', 'pressure': '2026-02'}"
Odisha Coast,20.5,86.0,0.3511667,,0.8720981478691101,1013.8604736328125,"{'rainfall': '2025-09', 'wind_speed': '2026-02', 'pressure': '2026-02'}"
Odisha Coast,20.5,86.5,0.37962502,,,,{'rainfall': '2025-09'}
Odisha Coast,20.5,87.0,0.44308338,,1.3625292778015137,1014.018798828125,"{'rainfall': '2025-09', 'wind_speed': '2026-02', 'pressure': '2026-02'}"
Odisha Coast,21.0,84.0,0.45225,,1.6009465456008911,1013.99072265625,"{'rainfall': '2025-09', 'wind_speed': '2026-02', 'pressure': '2026-02'}"
Odisha Coast,21.0,84.5,0.42045835,,1.3766324520111084,1013.86083984375,"{'rainfall': '2025-09', 'wind_speed': '2026-02', 'pressure': '2026-02'}"
Odisha Coast,21.0,85.0,0.41780555,,1.082555890083313,1013.7870483398438,"{'rainfall': '2025-09', 'wind_speed': '2026-02', 'pressure': '2026-02'}"
Odisha Coast,21.0,85.5,0.4074167,,0.8352417349815369,1013.7972412109375,"{'rainfall': '2025-09', 'wind_speed': '2026-02', 'pressure': '2026-02'}"
Odisha Coast,21.0,86.0,0.4295278,,1.0049289464950562,1013.6641235351562,"{'rainfall': '2025-09', 'wind_speed': '2026-02', 'pressure': '2026-02'}"
Odisha Coast,21.0,86.5,0.4446667,,,,{'rainfall': '2025-09'}
Odisha Coast,21.0,87.0,0.4785278,,1.3857077360153198,1014.1456298828125,"{'rainfall': '2025-09', 'wind_speed': '2026-02', 'pressure': '2026-02'}"
Odisha Coast,21.5,84.0,0.5170417,,1.9289395809173584,1014.1218872070312,"{'rainfall': '2025-09', 'wind_speed': '2026-02', 'pressure': '2026-02'}"
Odisha Coast,21.5,84.5,0.46887502,,1.7821764945983887,1014.0406494140625,"{'rainfall': '2025-09', 'wind_speed': '2026-02', 'pressure': '2026-02'}"
Odisha Coast,21.5,85.0,0.44470835,,1.4469794034957886,1013.8037719726562,"{'rainfall': '2025-09', 'wind_speed': '2026-02', 'pressure': '2026-02'}"
Odisha Coast,21.5,85.5,0.43418753,,1.289667010307312,1013.8470458984375,"{'rainfall': '2025-09', 'wind_speed': '2026-02', 'pressure': '2026-02'}"
Odisha Coast,21.5,86.0,0.46970835,,1.2106579542160034,1013.884033203125,"{'rainfall': '2025-09', 'wind_speed': '2026-02', 'pressure': '2026-02'}"
Odisha Coast,21.5,86.5,0.50037503,,,,{'rainfall': '2025-09'}
Odisha Coast,21.5,87.0,0.5045417,,1.439038872718811,1013.8961791992188,"{'rainfall': '2025-09', 'wind_speed': '2026-02', 'pressure': '2026-02'}"
Odisha Coast,22.0,84.0,0.48483336,,1.9462480545043945,1014.1532592773438,"{'rainfall': '2025-09', 'wind_speed': '2026-02', 'pressure': '2026-02'}"
Odisha Coast,22.0,84.5,0.425125,,1.926109790802002,1014.1281127929688,"{'rainfall': '2025-09', 'wind_speed': '2026-02', 'pressure': '2026-02'}"
Odisha Coast,22.0,85.0,0.40347224,,1.7022552490234375,1014.1009521484375,"{'rainfall': '2025-09', 'wind_speed': '2026-02', 'pressure': '2026-02'}"
Odisha Coast,22.0,85.5,0.40058336,,1.5219660997390747,1013.8961181640625,"{'rainfall': '2025-09', 'wind_speed': '2026-02', 'pressure': '2026-02'}"
Odisha Coast,22.0,86.0,0.43444446,,1.2632619142532349,1014.2946166992188,"{'rainfall': '2025-09', 'wind_speed': '2026-02', 'pressure': '2026-02'}"
Odisha Coast,22.0,86.5,0.47333336,,,,{'rainfall': '2025-09'}
Odisha Coast,22.0,87.0,0.4423889,,1.7594865560531616,1013.8510131835938,"{'rainfall': '2025-09', 'wind_speed': '2026-02', 'pressure': '2026-02'}"
Tamil Nadu,8.0,78.0,0.04388889,29.675426483154297,6.085086822509766,1011.3072509765625,"{'rainfall': '2025-09', 'sst': '2026-03', 'wind_speed': '2026-02', 'pressure': '2026-02'}"
Tamil Nadu,8.0,78.5,0.014875001,,,,{'rainfall': '2025-09'}
Tamil Nadu,8.0,79.0,0.006805556,,6.339674949645996,1011.2628784179688,"{'rainfall': '2025-09', 'wind_speed': '2026-02', 'pressure': '2026-02'}"
Tamil Nadu,8.0,79.5,0.018333334,,6.077450752258301,1011.15771484375,"{'rainfall': '2025-09', 'wind_speed': '2026-02', 'pressure': '2026-02'}"
Tamil Nadu,8.0,80.0,0.08838889,29.39631462097168,4.562219619750977,1011.0524291992188,"{'rainfall': '2025-09', 'sst': '2026-03', 'wind_speed': '2026-02', 'pressure': '2026-02'}"
Tamil Nadu,8.5,78.0,0.08291667,,4.64724588394165,1011.1400756835938,"{'rainfall': '2025-09', 'wind_speed': '2026-02', 'pressure': '2026-02'}"
Tamil Nadu,8.5,78.5,0.00925,,,,{'rainfall': '2025-09'}
Tamil Nadu,8.5,79.0,0.00875,,6.275639533996582,1011.4854125976562,"{'rainfall': '2025-09', 'wind_speed': '2026-02', 'pressure': '2026-02'}"
Tamil Nadu,8.5,79.5,0.010375001,,6.25142240524292,1011.3548583984375,"{'rainfall': '2025-09', 'wind_speed': '2026-02', 'pressure': '2026-02'}"
Tamil Nadu,8.5,80.0,0.066583335,,4.845526695251465,1011.3043212890625,"{'rainfall': '2025-09', 'wind_speed': '2026-02', 'pressure': '2026-02'}"
Tamil Nadu,9.0,78.0,0.11333333,,3.8726954460144043,1011.3080444335938,"{'rainfall': '2025-09', 'wind_speed': '2026-02', 'pressure': '2026-02'}"
Tamil Nadu,9.0,78.5,0.061708335,,,,{'rainfall': '2025-09'}
Tamil Nadu,9.0,79.0,0.028694443,,5.463188171386719,1011.5712280273438,"{'rainfall': '2025-09', 'wind_speed': '2026-02', 'pressure': '2026-02'}"
Tamil Nadu,9.0,79.5,0.033291668,,6.164607524871826,1011.5440063476562,"{'rainfall': '2025-09', 'wind_speed': '2026-02', 'pressure': '2026-02'}"
Tamil Nadu,9.0,80.0,0.07530556,,5.090007305145264,1011.5103759765625,"{'rainfall': '2025-09', 'wind_speed': '2026-02', 'pressure': '2026-02'}"
Tamil Nadu,9.5,78.0,0.14420834,,3.370849132537842,1011.3121948242188,"{'rainfall': '2025-09', 'wind_speed': '2026-02', 'pressure': '2026-02'}"
Tamil Nadu,9.5,78.5,0.136875,,,,{'rainfall': '2025-09'}
Tamil Nadu,9.5,79.0,0.103125006,,4.584547996520996,1011.6278686523438,"{'rainfall': '2025-09', 'wind_speed': '2026-02', 'pressure': '2026-02'}"
Tamil Nadu,9.5,79.5,0.1358125,,5.823587894439697,1011.7286987304688,"{'rainfall': '2025-09', 'wind_speed': '2026-02', 'pressure': '2026-02'}"
Tamil Nadu,9.5,80.0,0.11820834,,5.714304447174072,1011.7034912109375,"{'rainfall': '2025-09', 'wind_speed': '2026-02', 'pressure': '2026-02'}"
Tamil Nadu,10.0,78.0,0.16852778,,2.7532825469970703,1011.6358032226562,"{'rainfall': '2025-09', 'wind_speed': '2026-02', 'pressure': '2026-02'}"
Tamil Nadu,10.0,78.5,0.17116667,,,,{'rainfall': '2025-09'}
Tamil Nadu,10.0,79.0,0.16669446,,3.7884581089019775,1011.7594604492188,"{'rainfall': '2025-09', 'wind_speed': '2026-02', 'pressure': '2026-02'}"
Tamil Nadu,10.0,79.5,0.18700002,,4.909051418304443,1011.874267578125,"{'rainfall': '2025-09', 'wind_speed': '2026-02', 'pressure': '2026-02'}"
Tamil Nadu,10.0,80.0,0.22594446,29.20029067993164,5.7896037101745605,1011.901611328125,"{'rainfall': '2025-09', 'sst': '2026-03', 'wind_speed': '2026-02', 'pressure': '2026-02'}"
Tamil Nadu,10.5,78.0,0.18795834,,2.4722671508789062,1011.758544921875,"{'rainfall': '2025-09', 'wind_speed': '2026-02', 'pressure': '2026-02'}"
Tamil Nadu,10.5,78.5,0.22800002,,,,{'rainfall': '2025-09'}
Tamil Nadu,10.5,79.0,0.20600002,,3.382814645767212,1011.8419799804688,"{'rainfall': '2025-09', 'wind_speed': '2026-02', 'pressure': '2026-02'}"
Tamil Nadu,10.5,79.5,0.19725001,,4.0789055824279785,1012.0128173828125,"{'rainfall': '2025-09', 'wind_speed': '2026-02', 'pressure': '2026-02'}"
Tamil Nadu,10.5,80.0,0.26170835,,5.314682960510254,1012.062744140625,"{'rainfall': '2025-09', 'wind_speed': '2026-02', 'pressure': '2026-02'}"
Tamil Nadu,11.0,78.0,0.22180557,,2.770007371902466,1011.6227416992188,"{'rainfall': '2025-09', 'wind_speed': '2026-02', 'pressure': '2026-02'}"
Tamil Nadu,11.0,78.5,0.25608334,,,,{'rainfall': '2025-09'}
Tamil Nadu,11.0,79.0,0.25619447,,3.3769071102142334,1011.8728637695312,"{'rainfall': '2025-09', 'wind_speed': '2026-02', 'pressure': '2026-02'}"
Tamil Nadu,11.0,79.5,0.25320834,,3.715174674987793,1012.17626953125,"{'rainfall': '2025-09', 'wind_speed': '2026-02', 'pressure': '2026-02'}"
Tamil Nadu,11.0,80.0,0.29261112,,4.918562412261963,1012.2320556640625,"{'rainfall': '2025-09', 'wind_speed': '2026-02', 'pressure': '2026-02'}"
Tamil Nadu,11.5,78.0,0.24541669,,2.979562997817993,1011.483154296875,"{'rainfall': '2025-09', 'wind_speed': '2026-02', 'pressure': '2026-02'}"
Tamil Nadu,11.5,78.5,0.27962503,,,,{'rainfall': '2025-09'}
Tamil Nadu,11.5,79.0,0.29770836,,3.3586807250976562,1011.9957275390625,"{'rainfall': '2025-09', 'wind_speed': '2026-02', 'pressure': '2026-02'}"
Tamil Nadu,11.5,79.5,0.27850002,,3.5611066818237305,1012.296875,"{'rainfall': '2025-09', 'wind_speed': '2026-02', 'pressure': '2026-02'}"
Tamil Nadu,11.5,80.0,0.198375,,4.7400665283203125,1012.4110107421875,"{'rainfall': '2025-09', 'wind_speed': '2026-02', 'pressure': '2026-02'}"
Tamil Nadu,12.0,78.0,0.25819445,,3.130061388015747,1011.4696655273438,"{'rainfall': '2025-09', 'wind_speed': '2026-02', 'pressure': '2026-02'}"
Tamil Nadu,12.0,78.5,0.29008335,,,,{'rainfall': '2025-09'}
Tamil Nadu,12.0,79.0,0.28988892,,3.202798843383789,1012.1375732421875,"{'rainfall': '2025-09', 'wind_speed': '2026-02', 'pressure': '2026-02'}"
Tamil Nadu,12.0,79.5,0.26075003,,3.308157444000244,1012.3827514648438,"{'rainfall': '2025-09', 'wind_speed': '2026-02', 'pressure': '2026-02'}"
Tamil Nadu,12.0,80.0,0.19686112,,4.413002967834473,1012.5603637695312,"{'rainfall': '2025-09', 'wind_speed': '2026-02', 'pressure': '2026-02'}"
Tamil Nadu,12.5,78.0,0.29266667,,3.4332468509674072,1011.60888671875,"{'rainfall': '2025-09', 'wind_speed': '2026-02', 'pressure': '2026-02'}"
Tamil Nadu,12.5,78.5,0.30893752,,,,{'rainfall': '2025-09'}
Tamil Nadu,12.5,79.0,0.29920834,,3.149500608444214,1012.1218872070312,"{'rainfall': '2025-09', 'wind_speed': '2026-02', 'pressure': '2026-02'}"
Tamil Nadu,12.5,79.5,0.25725,,3.0085549354553223,1012.5359497070312,"{'rainfall': '2025-09', 'wind_speed': '2026-02', 'pressure': '2026-02'}"
Tamil Nadu,12.5,80.0,0.24575001,,3.878716468811035,1012.6947021484375,"{'rainfall': '2025-09', 'wind_speed': '2026-02', 'pressure': '2026-02'}"
Tamil Nadu,13.0,78.0,0.25697222,,3.462467908859253,1011.7106323242188,"{'rainfall': '2025-09', 'wind_speed': '2026-02', 'pressure': '2026-02'}"
Tamil Nadu,13.0,78.5,0.27345833,,,,{'rainfall': '2025-09'}
West Bengal,21.0,87.5,0.55691665,,1.7499510049819946,1014.0552978515625,"{'rainfall': '2025-09', 'wind_speed': '2026-02', 'pressure': '2026-02'}"
West Bengal,21.0,88.0,0.484,,2.156140089035034,1014.0457763671875,"{'rainfall': '2025-09', 'wind_speed': '2026-02', 'pressure': '2026-02'}"
West Bengal,21.0,88.5,0.50145835,,,,{'rainfall': '2025-09'}
West Bengal,21.0,89.0,0.68155557,,2.4138786792755127,1013.8558349609375,"{'rainfall': '2025-09', 'wind_speed': '2026-02', 'pressure': '2026-02'}"
West Bengal,21.5,87.5,0.57437503,,2.0305397510528564,1014.30712890625,"{'rainfall': '2025-09', 'wind_speed': '2026-02', 'pressure': '2026-02'}"
West Bengal,21.5,88.0,0.5332917,,2.490424156188965,1013.9898681640625,"{'rainfall': '2025-09', 'wind_speed': '2026-02', 'pressure': '2026-02'}"
West Bengal,21.5,88.5,0.46187502,,,,{'rainfall': '2025-09'}
West Bengal,21.5,89.0,0.461875,,2.4632272720336914,1013.8523559570312,"{'rainfall': '2025-09', 'wind_speed': '2026-02', 'pressure': '2026-02'}"
West Bengal,22.0,87.5,0.420625,,2.2481882572174072,1014.3668823242188,"{'rainfall': '2025-09', 'wind_speed': '2026-02', 'pressure': '2026-02'}"
West Bengal,22.0,88.0,0.42483336,27.22825050354004,2.694633960723877,1013.9034423828125,"{'rainfall': '2025-09', 'sst': '2026-03', 'wind_speed': '2026-02', 'pressure': '2026-02'}"
West Bengal,22.0,88.5,0.41220835,,,,{'rainfall': '2025-09'}
West Bengal,22.0,89.0,0.36769447,,2.405222177505493,1013.7245483398438,"{'rainfall': '2025-09', 'wind_speed': '2026-02', 'pressure': '2026-02'}"
West Bengal,22.5,87.0,0.4065417,,1.9794799089431763,1014.2490844726562,"{'rainfall': '2025-09', 'wind_speed': '2026-02', 'pressure': '2026-02'}"
West Bengal,22.5,87.5,0.37475002,,2.1940500736236572,1014.2965698242188,"{'rainfall': '2025-09', 'wind_speed': '2026-02', 'pressure': '2026-02'}"
West Bengal,22.5,88.0,0.3832917,,2.5939579010009766,1014.0695190429688,"{'rainfall': '2025-09', 'wind_speed': '2026-02', 'pressure': '2026-02'}"
West Bengal,22.5,88.5,0.37468752,,,,{'rainfall': '2025-09'}
West Bengal,22.5,89.0,0.351125,,2.4627323150634766,1013.7713012695312,"{'rainfall': '2025-09', 'wind_speed': '2026-02', 'pressure': '2026-02'}"
West Bengal,23.0,87.0,0.35391667,,2.2815825939178467,1014.2091674804688,"{'rainfall': '2025-09', 'wind_speed': '2026-02', 'pressure': '2026-02'}"
West Bengal,23.0,87.5,0.334625,,2.3786637783050537,1014.2157592773438,"{'rainfall': '2025-09', 'wind_speed': '2026-02', 'pressure': '2026-02'}"
West Bengal,23.0,88.0,0.31725,,2.548112630844116,1013.9637451171875,"{'rainfall': '2025-09', 'wind_speed': '2026-02', 'pressure': '2026-02'}"
West Bengal,23.0,88.5,0.31104168,,,,{'rainfall': '2025-09'}
West Bengal,23.0,89.0,0.29530558,,2.446146011352539,1013.765869140625,"{'rainfall': '2025-09', 'wind_speed': '2026-02', 'pressure': '2026-02'}"
